objsortnum_s	objmusno_s
000001 177742	1-177742
000001 034893	1-34893
000001 211027 000002	1-211027.2
000001 032159	1-32159
000001 002162	1-2162
000002 043608	2-43608
000003 027970 c	3-27970c
000001 081068 000001	1-81068.1
000012 000008	12-8
000025 010863	25-10863
000001 161427	1-161427
000015 002288 film	15-2288.film
000012 008329	12-8329
000001 177693	1-177693
L 018832	L-18832
000001 253840	1-253840
000001 162130	1-162130
000001 248310	1-248310
000009 004149	9-4149
000009 022025 a,b	9-22025a,b
000002 062702	2-62702
000011 004461 a-f	11-4461a-f
000015 011503	15-11503
000016 000267	16-267
000001 164561	1-164561
000001 171887	1-171887
K 003711 a-f	K-3711a-f
000001 009427	1-9427
000012 009041	12-9041
000001 157549	1-157549
000015 007969 plate	15-7969.plate
000009 021320	9-21320
000001 187627	1-187627
000001 150379	1-150379
000001 085698	1-85698
000001 201518	1-201518
000009 004722	9-4722
000001 049996 000001	1-49996.1
000001 105189	1-105189
000001 092647	1-92647
000001 239161	1-239161
000001 027074	1-27074
000001 000804 a	1-804a
000003 002790	3-2790
000003 019634	3-19634
000002 057490	2-57490
L 006158	L-6158
000001 046840	1-46840
000002 006187	2-6187
L 016346	L-16346
000001 010856	1-10856
000011 017918	11-17918
000001 112871	1-112871
000011 022107	11-22107
000001 106628	1-106628
000001 011614	1-11614
000001 069117	1-69117
000008 003690	8-3690
000001 090273	1-90273
000001 236513 _dupe	1-236513_dupe
000001 183415	1-183415
000002 032846	2-32846
000007 010002	7-10002
000026 Video360	26-Video360
000008 003156	8-3156
000001 019810	1-19810
000002 026298	2-26298
000001 218973	1-218973
000025 017156	25-17156
000002 018826	2-18826
000015 031767 	15-31767
000013 002243	13-2243
000011 002628 a	11-2628a
000001 021233	1-21233
000001 201173	1-201173
000002 035255	2-35255
000001 006746	1-6746
000001 084615 000002	1-84615.2
000011 028520	11-28520
000002 030134	2-30134
000002 002387	2-2387
000016 009765	16-9765
000002 001132	2-1132
000011 019406	11-19406
000001 060674 000010	1-60674.10
000001 224777	1-224777
000001 234284	1-234284
000016 000696	16-696
000001 216385	1-216385
L 016317	L-16317
000001 127769 000002	1-127769.2
000001 201549	1-201549
000001 205384	1-205384
000001 080810 000001	1-80810.1
000007 008716	7-8716
000001 107874	1-107874
000001 110031	1-110031
000011 017037	11-17037
000001 072219 000012	1-72219.12
000001 016685 m	1-16685m
000002 035033 000001	2-35033.1
000006 012839	6-12839
000001 240345	1-240345
K 001535 cBis	K-1535c Bis
L 001427	L-1427
000002 022579	2-22579
000006 019536	6-19536
000001 150873	1-150873
000002 014856 a,b	2-14856a,b
000001 167075 000011	1-167075.11
000002 053240	2-53240
000001 205638	1-205638
000003 001378 000001	3-1378.1
000001 243068 000001	1-243068.1
000011 029706	11-29706
000006 014183	6-14183
000001 208036	1-208036
000001 254004	1-254004
000001 203675	1-203675
000001 075069	1-75069
000004 001973	4-1973
000003 031580	3-31580
000002 051473	2-51473
000001 070296	1-70296
000001 004025	1-4025
000001 039792 000001	1-39792.1
000017 000283	17-283
000011 039270 a	11-39270a
000006 022183	6-22183
000009 019417	9-19417
000014 002406	14-2406
000013 003238	13-3238
000009 018856	9-18856
000001 239112	1-239112
L 018520	L-18520
000001 140647	1-140647
000011 021543	11-21543
000001 141081 000002	1-141081.2
000012 006986 000002	12-6986.2
000003 006042	3-6042
000004 005780	4-5780
000012 008777	12-8777
000001 138484	1-138484
000001 176600	1-176600
000001 135344	1-135344
000001 214463	1-214463
000014 000428 000002	14-428.2
000001 211068 000001	1-211068.1
000012 003857 (0)	12-3857(0)
000025 009814	25-9814
000001 162737 000002	1-162737.2
000002 019467	2-19467
000001 079821	1-79821
000017 000625	17-625
000001 082903	1-82903
000006 003605	6-3605
K 003525 a-z	K-3525a-z
000002 053304	2-53304
000001 008188	1-8188
L 019298	L-19298
000001 117468	1-117468
000011 045109	11-45109
000002 044071	2-44071
000011 010419	11-10419
K 000269	K-269
K 001481 mBis	K-1481m Bis
000011 010669	11-10669
000001 117335	1-117335
000012 005574 000002	12-5574.2
000001 013807	1-13807
000012 000006 (0)	12-6(0)
000011 019736	11-19736
000002 068114	2-68114
000007 005168 a,b	7-5168a,b
000001 147721	1-147721
000001 204256	1-204256
000005 003835	5-3835
000009 020991 a,b	9-20991a,b
000001 039296	1-39296
000016 018495	16-18495
000001 137779	1-137779
000001 057887	1-57887
000001 045008	1-45008
000001 209637	1-209637
000016 012028 j	16-12028j
000009 007903	9-7903
000015 026218	15-26218
000007 004093	7-4093
L 016310	L-16310
000022 001231	22-1231
000002 021327	2-21327
000001 107597	1-107597
000002 016086	2-16086
000001 083916	1-83916
K 000438	K-438
000005 007579	5-7579
000001 191590	1-191590
000001 092385	1-92385
000014 000703	14-703
000001 217171 000001	1-217171.1
000012 005745 (0)	12-5745(0)
000002 068180	2-68180
000001 042185	1-42185
000001 145910	1-145910
000001 248053	1-248053
000004 003943 c	4-3943c
000002 071117	2-71117
000011 041612	11-41612
000002 021866	2-21866
000009 003359	9-3359
000001 160861	1-160861
000001 041921	1-41921
000001 069474	1-69474
000001 018533 000021	1-18533.21
000005 016557	5-16557
000001 130659	1-130659
000015 022251	15-22251
000009 006511	9-6511
000001 213797	1-213797
000001 001709	1-1709
000015 010325	15-10325
000001 168555	1-168555
000018 001608	18-1608
000011 014713	11-14713
000001 215791	1-215791
000002 061972	2-61972
000001 070335	1-70335
000002 055635	2-55635
000001 014279	1-14279
000016 005381	16-5381
000001 231976 000002	1-231976.2
000001 226930	1-226930
000003 015975	3-15975
000012 000446	12-446
000001 075245	1-75245
000001 080733 000002	1-80733.2
L 016629	L-16629
000024 002730 000002	24-2730.2
000004 001698	4-1698
000002 071892	2-71892
000004 001205	4-1205
000009 021819	9-21819
000002 012084	2-12084
000005 009117	5-9117
000003 024987	3-24987
000004 007269 c.3	4-7269c.3
L 008293	L-8293
L 006558	L-6558
000015 012832	15-12832
000009 015522	9-15522
000002 053039	2-53039
000014 000731	14-731
000011 037785	11-37785
000011 042384	11-42384
000016 002743	16-2743
000003 006409	3-6409
000009 010458	9-10458
000001 106678	1-106678
000002 020301	2-20301
000001 051893	1-51893
000002 070254	2-70254
000001 211408 000001	1-211408.1
000006 013913	6-13913
000001 260090	1-260090
000001 197483	1-197483
000002 038752	2-38752
000012 007192	12-7192
000005 007282	5-7282
000009 019162	9-19162
000001 011354	1-11354
000001 097405	1-97405
000002 006374	2-6374
000006 014767	6-14767
000011 041013	11-41013
000011 013598	11-13598
000003 002431	3-2431
000002 017435	2-17435
000016 003823	16-3823
000006 022342	6-22342
000001 188114	1-188114
000001 210796 000002	1-210796.2
000001 006352 000005	1-6352.5
000009 002111	9-2111
000009 007471	9-7471
000005 016414	5-16414
000001 083243	1-83243
000001 202341	1-202341
000015 008510	15-8510
000001 044543	1-44543
000001 245136	1-245136
000002 036779	2-36779
000009 009528	9-9528
000001 153280	1-153280
000001 047748	1-47748
000003 013535	3-13535
000002 007720	2-7720
000006 017764	6-17764
000001 167374 000031	1-167374.31
L 000674	L-674
000001 259138	1-259138
000001 082738	1-82738
000001 114010	1-114010
000001 128701	1-128701
000015 007648 film	15-7648.film
000008 009580	8-9580
000001 110670	1-110670
000001 086424	1-86424
000006 011056	6-11056
000001 029930	1-29930
000009 008076 j	9-8076j
000012 002370 A	12-2370A
000009 007874 a,b	9-7874a,b
000014 002552 000002	14-2552.2
000002 041461	2-41461
000001 054993	1-54993
L 010781	L-10781
000001 180831	1-180831
000001 035846	1-35846
000011 003266	11-3266
000009 009128 c	9-9128c
000001 203946 000008	1-203946.8
000001 168139 000020	1-168139.20
000011 044355	11-44355
000001 107236	1-107236
000001 242088	1-242088
000011 000098	11-98
000001 071146	1-71146
000011 045459	11-45459
000001 127569	1-127569
000005 013875	5-13875
000012 003710 B	12-3710B
000002 019543	2-19543
000006 016185	6-16185
000011 038267	11-38267
000001 239500 _dupe	1-239500_dupe
000002 062930	2-62930
000001 061464	1-61464
000001 016384	1-16384
000001 164150	1-164150
000015 021653	15-21653
000001 124520 000002	1-124520.2
000012 008537	12-8537
000001 178531	1-178531
000025 003216	25-3216
000003 028059	3-28059
000001 053256	1-53256
000011 024243	11-24243
000001 095458	1-95458
000002 071875	2-71875
K 001509 cBis	K-1509c Bis
000001 053242	1-53242
000016 009802	16-9802
000002 033740	2-33740
000002 031483	2-31483
000008 007715	8-7715
000001 256592	1-256592
000001 226769	1-226769
000025 007856	25-7856
000001 218674	1-218674
000018 000990 a	18-990a
000001 246636	1-246636
000011 023630	11-23630
000001 245216	1-245216
000011 039706	11-39706
000001 163637	1-163637
000009 007172	9-7172
000003 025706	3-25706
000001 010065	1-10065
000016 012029 o	16-12029o
000001 205740	1-205740
000002 022166	2-22166
000025 014052	25-14052
000003 012944	3-12944
000009 005254	9-5254
000003 030818	3-30818
000001 168649 000027	1-168649.27
000001 123726	1-123726
000005 011483 b	5-11483b
000001 096874	1-96874
000002 051836	2-51836
000010 002138	10-2138
000001 057236	1-57236
000001 124079 000004	1-124079.4
000001 185436	1-185436
000015 006701	15-6701
000002 054359	2-54359
000001 008318	1-8318
000001 155171 000002	1-155171.2
000003 000643	3-643
000001 046418	1-46418
000011 002905	11-2905
000002 051937	2-51937
000001 132990	1-132990
000011 039551	11-39551
000011 014335	11-14335
000002 053397	2-53397
L 016163	L-16163
000011 039813	11-39813
000002 008657	2-8657
000001 189219	1-189219
000002 001500	2-1500
000003 018571	3-18571
000002 027322	2-27322
000001 156151	1-156151
000002 021381	2-21381
000005 003194	5-3194
000016 006574	16-6574
L 003498	L-3498
000002 029639	2-29639
000003 015211	3-15211
000011 005457	11-5457
000025 016242	25-16242
000015 012060	15-12060
000001 114643	1-114643
000025 012129	25-12129
000004 007144	4-7144
000012 000170 (0)	12-170(0)
000001 099376	1-99376
000001 000641	1-641
000001 118327	1-118327
000001 258856	1-258856
000012 009796 +A	12-9796+A
000002 010442	2-10442
000002 072595	2-72595
000001 164967	1-164967
000003 002857 000001	3-2857.1
000002 020593	2-20593
000011 017757	11-17757
L 003060	L-3060
000002 009799	2-9799
000009 017738 b	9-17738b
000005 002321	5-2321
000015 006538 plate	15-6538.plate
000001 180556	1-180556
000003 017125	3-17125
000001 125850	1-125850
000009 023216	9-23216
000001 097805	1-97805
000014 000263 000001	14-263.1
000001 203281	1-203281
000024 000137 NE#2.A.14	24-137.NE#2.A.14
000009 008739	9-8739
000015 002178 film	15-2178.film
000001 100300	1-100300
000011 044722	11-44722
000002 006846 a,b	2-6846a,b
000001 048024	1-48024
000001 227049	1-227049
000005 013862 b	5-13862b
000001 208808	1-208808
000015 004829 film	15-4829.film
000001 088108	1-88108
000001 211246	1-211246
000006 005820	6-5820
000012 005536 (0)	12-5536(0)
000011 008504	11-8504
000001 138358	1-138358
000003 000505	3-505
000011 002404	11-2404
000001 163141	1-163141
000002 035180	2-35180
000012 006079 D	12-6079D
000005 003028 a-c	5-3028a-c
000015 030570 	15-30570
000001 242923	1-242923
000012 003985	12-3985
000002 055854	2-55854
000006 005626	6-5626
000025 000699	25-699
000011 036201	11-36201
000001 043634	1-43634
000016 006657	16-6657
000001 045357	1-45357
000001 140475	1-140475
000001 107063	1-107063
000001 203622	1-203622
000001 088764	1-88764
000011 010896	11-10896
000002 069151	2-69151
000001 031295	1-31295
000002 006294	2-6294
000003 011879	3-11879
000016 005625	16-5625
000008 006559	8-6559
000011 013101 a-d	11-13101a-d
000011 007679	11-7679
000016 001260	16-1260
000001 072679	1-72679
000012 009249 000001	12-9249.1
000007 005757	7-5757
000003 006844	3-6844
000001 132003	1-132003
000002 049257 000002	2-49257.2
000001 100792	1-100792
000001 082841	1-82841
000016 007544	16-7544
000001 259438	1-259438
000001 099322	1-99322
000001 074082 000002	1-74082.2
000001 023708	1-23708
000011 006039 000003	11-6039.3
000005 010095	5-10095
000001 240512 _dupe	1-240512_dupe
000015 001202 film	15-1202.film
000011 015788	11-15788
000009 011802 j	9-11802j
000004 006743 b	4-6743b
000006 001794	6-1794
000015 023246	15-23246
000008 006493	8-6493
000012 008312 +A-D	12-8312+A-D
000001 237204	1-237204
000001 186151	1-186151
000001 118183 000002	1-118183.2
000018 000127	18-127
000001 150283	1-150283
000001 051223	1-51223
000001 239816 _dupe	1-239816_dupe
000001 033459 000002	1-33459.2
000010 000038	10-38
000025 007634	25-7634
000003 022175	3-22175
000002 053202 000002	2-53202.2
000001 130088	1-130088
000002 040805	2-40805
000024 000261	24-261
000015 015532	15-15532
000002 035209	2-35209
000001 252744	1-252744
000001 203846 000002	1-203846.2
000001 191179	1-191179
000015 000694	15-694
000009 019391	9-19391
000012 007050 +A-C.2	12-7050+A-C.2
000001 227083	1-227083
000001 137181	1-137181
000001 167857 000001	1-167857.1
000011 005831 000004	11-5831.4
000002 035003	2-35003
000003 014811	3-14811
000001 220209	1-220209
000015 020223	15-20223
L 016388	L-16388
000002 003130	2-3130
000002 013190	2-13190
000001 180031	1-180031
000001 113182	1-113182
000013 003846	13-3846
000001 078424	1-78424
000013 005573	13-5573
000001 196594	1-196594
000001 018288	1-18288
L 013323	L-13323
000001 198315	1-198315
000001 079451	1-79451
000011 029676	11-29676
000009 008615	9-8615
000015 017807	15-17807
000006 011111	6-11111
000015 028151	15-28151
000012 010172 B	12-10172B
000015 000077	15-77
000002 023443	2-23443
000008 001780	8-1780
000003 028640	3-28640
000002 015355	2-15355
000001 116852	1-116852
000015 003041 film	15-3041.film
000015 024309 a,b	15-24309a,b
000001 208259	1-208259
000025 011805	25-11805
000015 020251	15-20251
000002 052661	2-52661
000001 073244	1-73244
000001 206172	1-206172
000001 120746 000002	1-120746.2
L 018424	L-18424
000012 002632 (0)	12-2632(0)
000002 051972	2-51972
000003 028371	3-28371
000013 003665	13-3665
000002 042344	2-42344
000001 238738 _dupe	1-238738_dupe
000006 018996 000002	6-18996.2
000011 034623	11-34623
000001 007761	1-7761
000005 003619	5-3619
000001 249576	1-249576
000014 001882 000002	14-1882.2
000006 021547	6-21547
000011 011447 000006	11-11447.6
000009 011158	9-11158
000006 003906	6-3906
000001 188615	1-188615
000003 027983	3-27983
000001 148372	1-148372
000025 015364	25-15364
000002 068955	2-68955
000012 003797 A	12-3797A
000025 014495	25-14495
L 015343	L-15343
000001 190153	1-190153
000012 003249 (0)	12-3249(0)
000001 145029	1-145029
000001 080692	1-80692
000016 005415	16-5415
000001 119317	1-119317
000001 104226	1-104226
000001 242659	1-242659
000014 001015 a.3	14-1015a.3
000002 072341	2-72341
000001 111078	1-111078
000003 016850	3-16850
000002 012751	2-12751
000003 001270	3-1270
000015 008433 plate	15-8433.plate
000011 006115	11-6115
000016 020556	16-20556
000012 003040 (0)	12-3040(0)
000012 005171 (0)	12-5171(0)
000001 036880	1-36880
000001 214291	1-214291
000002 008306	2-8306
000001 233627	1-233627
000002 037983	2-37983
000012 010275 +A	12-10275+A
000001 180180	1-180180
000001 134597	1-134597
000014 001103	14-1103
000012 000010 (0)	12-10(0)
000012 002412 000002	12-2412.2
000003 009199	3-9199
000002 057673	2-57673
000001 073789	1-73789
000001 224644 000002	1-224644.2
000001 103883	1-103883
000001 190213	1-190213
000006 020163	6-20163
000005 005495	5-5495
000005 004667 b	5-4667b
000001 078398	1-78398
000016 002766	16-2766
000015 003176	15-3176
000001 244147	1-244147
000002 000020	2-20
000012 009777 D	12-9777D
000001 249300	1-249300
000002 066541 000001	2-66541.1
000001 210720 000001	1-210720.1
000001 084309	1-84309
000003 030470	3-30470
000015 002892	15-2892
000003 014443	3-14443
000005 003239	5-3239
000005 001272	5-1272
000009 017619 mm	9-17619mm
000003 019727	3-19727
000001 171037	1-171037
000001 002355	1-2355
000001 060716	1-60716
000015 003906	15-3906
000008 004307	8-4307
000011 022708 000002	11-22708.2
000006 013849	6-13849
000001 008047	1-8047
000001 024118	1-24118
000001 157244	1-157244
000005 008358 a,b	5-8358a,b
000008 008048	8-8048
000007 009774	7-9774
000002 000984	2-984
000002 066401 000002	2-66401.2
000011 028082	11-28082
000002 070879	2-70879
000003 020168	3-20168
000005 007927	5-7927
000001 070829	1-70829
000002 019923	2-19923
000002 057525	2-57525
000001 068997	1-68997
000012 002191	12-2191
000001 033789	1-33789
000001 060784	1-60784
000003 025208	3-25208
000015 027915	15-27915
000001 158264	1-158264
000001 230862	1-230862
000007 002931	7-2931
000005 008406 b	5-8406b
000001 085680	1-85680
000015 018122	15-18122
000015 005323 plate	15-5323.plate
000002 038028	2-38028
000003 004602	3-4602
000002 031379	2-31379
000012 009275 +A	12-9275+A
000001 088312	1-88312
000005 007908	5-7908
000003 032203	3-32203
000001 139275	1-139275
000011 042024	11-42024
000001 232413	1-232413
000012 001787	12-1787
000001 060023	1-60023
000001 219324	1-219324
000016 017471	16-17471
000001 184145	1-184145
000001 217985	1-217985
000006 011822	6-11822
000014 002043 000003	14-2043.3
000001 081051 000002	1-81051.2
000001 072493	1-72493
000001 093425	1-93425
000006 020122	6-20122
000016 018414	16-18414
000001 032296	1-32296
000015 003320 plate	15-3320.plate
000012 003858 (0)	12-3858(0)
000015 031199 	15-31199
000009 017910 d	9-17910d
000001 086458 000001	1-86458.1
000004 004013	4-4013
000012 007674 000002	12-7674.2
000015 004466 plate	15-4466.plate
000002 023649	2-23649
000007 006602	7-6602
000001 207794	1-207794
000016 002909	16-2909
000003 017287	3-17287
000001 217661	1-217661
000006 009026 b	6-9026b
000001 023683	1-23683
L 010668	L-10668
000001 067776	1-67776
000006 019163	6-19163
000016 020060	16-20060
000001 060339	1-60339
000016 014001	16-14001
000001 254510	1-254510
000001 187581	1-187581
000011 009311	11-9311
000001 063436 000002	1-63436.2
000005 007803	5-7803
000011 013308	11-13308
000016 016685	16-16685
000001 060329	1-60329
000001 089409	1-89409
000001 055160	1-55160
000001 261840	1-261840
000015 027324	15-27324
000004 002584 i	4-2584i
000001 119411	1-119411
000001 199190	1-199190
000011 030046	11-30046
000001 068006	1-68006
000015 011835	15-11835
000001 143850	1-143850
000009 005351	9-5351
000002 059197	2-59197
000012 009604 +A	12-9604+A
000016 000082	16-82
000001 136876	1-136876
000018 001289 a,b	18-1289a,b
000024 000278	24-278
000001 208751	1-208751
000018 000019 b	18-19b
K 003569 b	K-3569b
000001 170863	1-170863
000001 251253	1-251253
000015 003518	15-3518
000001 049984	1-49984
000001 036277	1-36277
000001 058368	1-58368
000001 037815 000001	1-37815.1
000003 030167	3-30167
000007 004788	7-4788
000001 144145	1-144145
000001 250626	1-250626
000015 001509	15-1509
000001 207499	1-207499
000009 000311 a-d	9-311a-d
TEMP 002015 001940	TEMP 2015.1940
000011 014639	11-14639
000006 010381	6-10381
000012 002395	12-2395
000001 059271	1-59271
000011 041166	11-41166
000012 003356 (0)	12-3356(0)
000009 000262	9-262
L 003045	L-3045
000001 007996 000002	1-7996.2
000009 006265 b	9-6265b
000001 107233	1-107233
000006 005899	6-5899
000011 029232	11-29232
000001 036384	1-36384
K 003240	K-3240
000002 019808	2-19808
000001 124647	1-124647
000001 115340	1-115340
000006 000289	6-289
000012 006736 +A	12-6736+A
000001 014667	1-14667
000025 002784	25-2784
000001 014158 a,b	1-14158a,b
000001 238356 _dupe	1-238356_dupe
000015 024903	15-24903
000001 108863	1-108863
L 008762	L-8762
000005 016568	5-16568
000012 008854 B	12-8854B
000001 238619 _dupe	1-238619_dupe
000002 030394	2-30394
000010 003225	10-3225
000001 081928	1-81928
000005 003001	5-3001
000004 005277	4-5277
000001 116221	1-116221
000001 143509	1-143509
000001 147451	1-147451
000009 018275	9-18275
000001 152974	1-152974
000001 255410	1-255410
000003 011244	3-11244
000001 180707	1-180707
000002 014685	2-14685
000001 221275	1-221275
000025 002365	25-2365
000001 167200 000030	1-167200.30
000008 007878	8-7878
000001 064027	1-64027
000006 002367	6-2367
L 002259	L-2259
000002 054066	2-54066
000001 157718	1-157718
000009 000572	9-572
000003 025730	3-25730
000015 008028	15-8028
000001 148209	1-148209
000001 057577	1-57577
000001 066420	1-66420
L 005825	L-5825
000001 122328	1-122328
000016 001717	16-1717
000002 029582	2-29582
000012 005917 H	12-5917H
000002 048039	2-48039
000001 045196	1-45196
000001 015689	1-15689
000015 030880	15-30880
000007 009945 dup2	7-9945-dup2
000011 017968	11-17968
000016 004862	16-4862
000001 028575	1-28575
000009 010397	9-10397
000011 008677	11-8677
000001 253980	1-253980
000001 253734	1-253734
000011 005060	11-5060
000001 236574	1-236574
000018 000257	18-257
000009 014640 a	9-14640a
000003 019166	3-19166
000001 148933	1-148933
000011 031413	11-31413
000013 000987 f	13-987f
000001 221642	1-221642
000016 011530	16-11530
000009 017218	9-17218
000005 002002	5-2002
000002 054434	2-54434
000001 006547	1-6547
000007 002974	7-2974
000001 081172	1-81172
000001 249115	1-249115
L 006757	L-6757
L 007846	L-7846
000001 000148	1-148
000013 005894	13-5894
000006 009242	6-9242
000002 018982	2-18982
L 003313	L-3313
000011 033487 000002	11-33487.2
000001 171767	1-171767
000002 031919	2-31919
000014 001303 a	14-1303a
000001 040912	1-40912
000025 003234	25-3234
000016 012317 a-z	16-12317a-z
000002 044091	2-44091
000001 159381	1-159381
000012 007672 H	12-7672H
000001 070776	1-70776
000012 005572 (0).1	12-5572(0).1
000001 196216	1-196216
000002 044432	2-44432
000011 004764 a,b	11-4764a,b
000001 249381	1-249381
000001 050987	1-50987
000001 040544	1-40544
000002 045069	2-45069
000008 009866	8-9866
000012 001430 000001	12-1430.1
000001 163746	1-163746
FA-TEMP 001383	FA-TEMP1383
000004 009381 oo	4-9381oo
000009 000965	9-965
000001 205630	1-205630
000016 020337	16-20337
000001 043391	1-43391
000001 083480 000001	1-83480.1
K 001385 aBis	K-1385a Bis
000001 149646	1-149646
000001 034739	1-34739
000003 019227	3-19227
000001 175110	1-175110
000012 003805 (0)	12-3805(0)
000001 188416	1-188416
000001 018388	1-18388
000003 024589	3-24589
000016 017955	16-17955
000001 201957	1-201957
K 001614 bBis	K-1614b Bis
000002 046975	2-46975
000009 003961	9-3961
L 008200	L-8200
000001 179635	1-179635
000001 060986	1-60986
000001 212638	1-212638
000001 080416	1-80416
L 018980	L-18980
000011 008290	11-8290
000009 021659	9-21659
000001 127906	1-127906
000004 006416	4-6416
000001 133472	1-133472
000011 034480	11-34480
000015 009631	15-9631
000015 009059	15-9059
000001 042539	1-42539
000015 012276	15-12276
FA-TEMP 000797	FA-TEMP797
000001 018676	1-18676
000001 163693	1-163693
000001 230460 000002	1-230460.2
000001 124327 000002	1-124327.2
000003 021906	3-21906
000024 001449	24-1449
000001 033806	1-33806
000001 196801	1-196801
000005 014769	5-14769
000007 000864	7-864
000006 023122	6-23122
000001 253093	1-253093
000001 168054 000008	1-168054.8
000001 080326	1-80326
000002 019117	2-19117
L 011002	L-11002
000015 005373	15-5373
000001 238364 _dupe	1-238364_dupe
000006 002021	6-2021
000024 000654	24-654
000001 228588	1-228588
K 003430 a-e	K-3430a-e
000001 136151	1-136151
000001 072573	1-72573
000001 144813 000002	1-144813.2
000013 002944	13-2944
000003 024948	3-24948
000015 000572	15-572
000001 055887	1-55887
000011 004328	11-4328
000015 007270	15-7270
000002 063270	2-63270
000024 001831	24-1831
000001 142093	1-142093
000008 007069	8-7069
000011 023128	11-23128
000005 014901 a	5-14901a
000024 001124	24-1124
000002 010067	2-10067
000003 001426	3-1426
000001 180273	1-180273
000015 004057	15-4057
000001 090763	1-90763
000015 007262	15-7262
000002 067632 000002	2-67632.2
000005 004124 a	5-4124a
000025 008748	25-8748
000001 257192	1-257192
000001 088040	1-88040
000001 162954	1-162954
000002 035822	2-35822
000013 006790	13-6790
000001 141469	1-141469
000002 037985	2-37985
000001 212624	1-212624
000001 201596	1-201596
000001 169200	1-169200
000011 016251 000001	11-16251.1
000001 012752	1-12752
000011 002053	11-2053
000002 008694	2-8694
000007 009604	7-9604
K 003561 p	K-3561p
000015 012532	15-12532
000002 043969	2-43969
000006 008872	6-8872
000004 001283	4-1283
000015 000687 film	15-687.film
000011 024766	11-24766
000009 020226	9-20226
000001 260585	1-260585
000002 056359	2-56359
000003 024559	3-24559
000006 008954	6-8954
000012 003761	12-3761
000025 007335	25-7335
000012 011176 (0)	12-11176(0)
000012 001698 A	12-1698A
000001 125732	1-125732
000025 004347	25-4347
000001 063212	1-63212
000009 018257	9-18257
000008 001647	8-1647
000001 248300	1-248300
000001 192827	1-192827
000016 003968	16-3968
000001 191005	1-191005
000001 245195	1-245195
000001 056039	1-56039
000001 050394	1-50394
000012 000859	12-859
000001 178017	1-178017
000005 005427 000007	5-5427.7
000003 004258	3-4258
000001 240423 000001	1-240423.1
K 001337 nBis	K-1337n Bis
000002 063546	2-63546
000011 018212	11-18212
000015 001513 film	15-1513.film
000001 056411	1-56411
000001 188098	1-188098
000001 124321 000004	1-124321.4
000001 157756	1-157756
000011 023759	11-23759
L 010000	L-10000
000001 166419	1-166419
000006 016876	6-16876
000002 020092	2-20092
000001 136274	1-136274
000002 009376 a,b	2-9376a,b
000005 004784 000002	5-4784.2
000015 004584	15-4584
000011 001534	11-1534
000004 002569	4-2569
000001 240859 _dupe	1-240859_dupe
000011 011228	11-11228
000015 017694	15-17694
000001 145484	1-145484
000001 214102	1-214102
000001 210486	1-210486
000001 090089	1-90089
000001 107427	1-107427
L 018103	L-18103
000002 015376	2-15376
000001 081874	1-81874
000012 011180 (0)	12-11180(0)
000006 022949	6-22949
L 009675	L-9675
000001 239953 000002	1-239953.2
000002 017745	2-17745
000015 005294 film	15-5294.film
L 019063	L-19063
000011 030468	11-30468
000011 029972	11-29972
000001 260158	1-260158
000002 003081	2-3081
000016 020461	16-20461
000025 001312	25-1312
000024 002970	24-2970
000002 067027 a,b	2-67027a,b
000001 127371	1-127371
000005 010395	5-10395
L 007228	L-7228
000002 033897	2-33897
000015 028250	15-28250
000001 239461	1-239461
000011 020892	11-20892
000001 049435	1-49435
000001 096241	1-96241
000015 016390	15-16390
000013 004338 b	13-4338b
000001 088229	1-88229
000001 202536 000001	1-202536.1
000003 028941 a-e.1	3-28941a-e.1
000011 021460	11-21460
000002 038475	2-38475
000001 106228	1-106228
000005 011374	5-11374
000011 015530 000001	11-15530.1
000005 014187	5-14187
000006 015830	6-15830
000001 259588 000006	1-259588.6
000004 005809	4-5809
000011 022230	11-22230
000016 010936	16-10936
000001 229302	1-229302
000013 007000	13-7000
000012 000683 000001	12-683.1
000004 009265	4-9265
K 003706	K-3706
000015 015176	15-15176
000011 015258	11-15258
000001 069012	1-69012
000015 006049 plate	15-6049.plate
000002 013030	2-13030
000015 002347 plate	15-2347.plate
000013 000309	13-309
000002 028570	2-28570
000003 010887	3-10887
000011 020047	11-20047
000001 096573	1-96573
000006 009042 a	6-9042a
000001 204811	1-204811
000015 006067	15-6067
000011 044128	11-44128
000001 046325	1-46325
000001 065525	1-65525
000008 006690	8-6690
000002 028593	2-28593
000002 063144	2-63144
000015 021802	15-21802
000015 018741	15-18741
000001 050396	1-50396
000011 025332	11-25332
000002 020800	2-20800
000005 012364	5-12364
000001 141406 000001	1-141406.1
000001 196316	1-196316
000007 000831	7-831
000001 003995	1-3995
000001 021649	1-21649
000001 168872 000002	1-168872.2
000016 018623	16-18623
000010 001499 g	10-1499g
000009 012506 a	9-12506a
000001 241685	1-241685
000008 005713	8-5713
000001 025536	1-25536
000015 028839	15-28839
000001 080361	1-80361
000012 010628 A	12-10628A
000002 006148	2-6148
000009 015916 a-c	9-15916a-c
000011 043158	11-43158
000001 016271	1-16271
000001 151386	1-151386
000011 006401	11-6401
000002 060646	2-60646
000001 257768	1-257768
000001 203414	1-203414
000015 011062	15-11062
000001 224319	1-224319
000002 015734	2-15734
000001 054731	1-54731
000001 084736	1-84736
000001 149406	1-149406
000001 158073	1-158073
000001 258022	1-258022
000001 252027	1-252027
000002 054407	2-54407
000009 020148	9-20148
000001 027376	1-27376
000009 009897	9-9897
000005 007204	5-7204
000008 001394	8-1394
000001 211351 000002	1-211351.2
000003 008842	3-8842
000008 004152	8-4152
000012 009904 +A	12-9904+A
000001 158398	1-158398
000006 020892	6-20892
000010 000135	10-135
000011 002877	11-2877
000009 003258	9-3258
000011 043667	11-43667
000001 129819	1-129819
000001 125011 000002	1-125011.2
000001 246096	1-246096
000001 026485	1-26485
000002 012718	2-12718
000008 002017 a,b	8-2017a,b
000001 196783	1-196783
000001 065213	1-65213
000005 001907	5-1907
000001 141007	1-141007
000002 010007	2-10007
000011 043125	11-43125
000015 027174	15-27174
000016 002407	16-2407
000009 006836 b	9-6836b
000011 039796	11-39796
000012 009480	12-9480
000010 001428	10-1428
000012 006130 B	12-6130B
000025 009708	25-9708
000015 001498 plate	15-1498.plate
000002 043153	2-43153
000001 204248	1-204248
000001 251096	1-251096
000002 023529	2-23529
000011 023850	11-23850
000001 066083	1-66083
000001 058028	1-58028
000006 014073	6-14073
000016 017225	16-17225
000002 020767	2-20767
000003 021801	3-21801
000002 045272	2-45272
L 017337	L-17337
000001 165619	1-165619
000009 011833	9-11833
000003 027604	3-27604
L 015014	L-15014
000001 193591	1-193591
000001 032440	1-32440
000002 029612	2-29612
000001 130647	1-130647
000001 049789	1-49789
000012 000577 +A	12-577+A
000001 007363	1-7363
000002 031953	2-31953
000011 006059	11-6059
000006 018662	6-18662
000002 037395	2-37395
000006 018846	6-18846
000015 024645	15-24645
000001 036842	1-36842
000011 028166	11-28166
000001 053290	1-53290
000001 040301	1-40301
000002 054315	2-54315
000001 152986	1-152986
000002 016722	2-16722
000001 058516	1-58516
000004 006773	4-6773
000002 032277	2-32277
000012 004391 +A	12-4391+A
000005 006582	5-6582
000001 252438	1-252438
000011 013779 a-c	11-13779a-c
000001 060508	1-60508
000003 031857	3-31857
000004 003439 o	4-3439o
000012 007955	12-7955
000015 025151	15-25151
000006 007090	6-7090
000012 007041 (0)	12-7041(0)
000001 000769	1-769
000001 098744 000001	1-98744.1
000005 012954	5-12954
000025 000057	25-57
000001 120606 000002	1-120606.2
000010 003080 b	10-3080b
000001 177833	1-177833
000006 021207	6-21207
000002 018605	2-18605
000006 016302	6-16302
000001 006329 000021	1-6329.21
000001 112010	1-112010
000001 071479	1-71479
000001 042334	1-42334
000002 005674	2-5674
000015 013788	15-13788
000001 022073	1-22073
000011 009689	11-9689
000001 013701	1-13701
L 003624	L-3624
000001 258827	1-258827
000011 011667	11-11667
K 001232 kBis	K-1232k Bis
000002 041952	2-41952
000001 036693	1-36693
000009 001867	9-1867
000015 019792	15-19792
000001 080233	1-80233
000018 001056	18-1056
000009 007325 a,b	9-7325a,b
000001 010605	1-10605
000001 260675	1-260675
000002 072593	2-72593
000001 062141	1-62141
000007 009165	7-9165
000001 087076	1-87076
000011 024261 av	11-24261av
000001 123039 000001	1-123039.1
000001 020169	1-20169
000001 220219	1-220219
000002 068758	2-68758
000002 055866	2-55866
000002 030383	2-30383
000001 237013 _dupe	1-237013_dupe
000013 001494	13-1494
000001 121147	1-121147
000001 237315 _dupe	1-237315_dupe
000011 039647	11-39647
000003 007462	3-7462
000019 000006	19-6
000001 157074	1-157074
000009 021127	9-21127
000002 012934	2-12934
000001 258682	1-258682
000001 167961 000005	1-167961.5
000009 012475	9-12475
000004 006115	4-6115
000012 006880 A	12-6880A
000001 225648	1-225648
000001 219316	1-219316
000012 000421 (0)	12-421(0)
000013 005920	13-5920
000003 018433	3-18433
000015 025217	15-25217
000012 009138 C	12-9138C
000011 006788	11-6788
000016 013469	16-13469
000022 001084	22-1084
000016 010748	16-10748
000003 026821 a,b.1	3-26821a,b.1
000005 011682	5-11682
000002 070105	2-70105
000001 023267	1-23267
000001 178637	1-178637
000001 202175	1-202175
000005 007150	5-7150
000007 009929 dup1	7-9929-dup1
000001 068746	1-68746
000002 061090	2-61090
000006 012520	6-12520
000008 004504	8-4504
000001 087646	1-87646
000001 034776 000004	1-34776.4
000001 127757 000008	1-127757.8
000001 221710	1-221710
000001 009008	1-9008
000007 000551	7-551
000003 012736	3-12736
000001 207515 e	1-207515e
000001 183121	1-183121
000001 025344	1-25344
000001 147389	1-147389
000009 006629 a-c	9-6629a-c
000011 029916	11-29916
000003 016510 d	3-16510d
000001 195474	1-195474
000001 061766	1-61766
000016 016894	16-16894
000011 043396	11-43396
000001 102050 000002	1-102050.2
000025 000410	25-410
000001 248085	1-248085
000012 008455	12-8455
000001 074109 000001	1-74109.1
000001 003698	1-3698
000005 001570	5-1570
000007 004745	7-4745
000001 118254	1-118254
000011 040418	11-40418
000001 248352	1-248352
000006 023160	6-23160
000001 128821 000004	1-128821.4
000025 000906	25-906
000001 244683	1-244683
000001 247939	1-247939
000001 072712	1-72712
000001 058141 000002	1-58141.2
000011 003018	11-3018
000001 261375	1-261375
000001 161510	1-161510
000001 094224	1-94224
000025 003325	25-3325
000002 013572	2-13572
000001 124734 000003	1-124734.3
000011 017173	11-17173
000001 155085	1-155085
000002 049810 000001	2-49810.1
000001 226777	1-226777
000001 200307 000003	1-200307.3
L 007566	L-7566
000001 180722	1-180722
000011 028148	11-28148
000011 037161	11-37161
000011 024067	11-24067
000002 032476	2-32476
000004 002051	4-2051
000005 007117	5-7117
000009 020783	9-20783
000011 015833 000003	11-15833.3
000005 007824	5-7824
000001 191283	1-191283
000002 028887	2-28887
000025 015035	25-15035
000003 030111 a,b	3-30111a,b
000025 004620	25-4620
000002 030137	2-30137
000001 224942	1-224942
000001 216431	1-216431
000008 003459	8-3459
000011 003811	11-3811
000015 013561	15-13561
000001 210233	1-210233
000001 152374	1-152374
000011 044082	11-44082
000009 023357	9-23357
000001 177315	1-177315
000001 025754	1-25754
000004 003764	4-3764
000006 019454	6-19454
000001 076301	1-76301
000025 010419	25-10419
000001 016682	1-16682
000015 023779	15-23779
000001 038135	1-38135
000001 140989	1-140989
000025 007804	25-7804
000005 004401	5-4401
000002 055006	2-55006
000001 003809	1-3809
000004 006592 000001	4-6592.1
000016 001765	16-1765
000001 097515	1-97515
000005 013912	5-13912
000001 151182	1-151182
000008 009092	8-9092
000005 005865 j	5-5865j
K 000066	K-66
000001 209131	1-209131
000016 010737	16-10737
L 000867	L-867
000011 029591	11-29591
000011 027010	11-27010
000001 213022	1-213022
000001 211040 000003	1-211040.3
000009 001996	9-1996
000001 219548	1-219548
000010 000257 a	10-257a
000006 001203	6-1203
000001 091143	1-91143
000005 003550	5-3550
000001 124470	1-124470
000001 247168	1-247168
000003 002564	3-2564
000002 066384	2-66384
000007 005653 000002	7-5653.2
000001 023762	1-23762
000001 213133	1-213133
L 019149	L-19149
000003 021954	3-21954
000001 123014 b	1-123014b
000002 068545 a	2-68545a
000003 025043	3-25043
000015 025216	15-25216
000011 017044	11-17044
000001 028762	1-28762
000009 014048	9-14048
000015 029412	15-29412
000002 067024 c	2-67024c
000005 017055	5-17055
000001 261130	1-261130
000025 005006	25-5006
000001 131656	1-131656
000001 061002	1-61002
000001 009512	1-9512
000001 103893	1-103893
000001 249144	1-249144
000001 135635	1-135635
000012 005265 A	12-5265A
000001 261930	1-261930
000001 222287	1-222287
000002 027577	2-27577
000001 174691	1-174691
000024 000741	24-741
000006 021093	6-21093
000025 000357	25-357
000002 027642	2-27642
000001 104367	1-104367
000015 007242	15-7242
000001 219727 000006	1-219727.6
000001 161634	1-161634
000001 063676 000002	1-63676.2
000002 039300	2-39300
000002 058651	2-58651
K 001249 qBis	K-1249q Bis
L 016635	L-16635
000016 001085	16-1085
000001 124213	1-124213
000001 011387 000001	1-11387.1
000001 091032	1-91032
000001 226284	1-226284
000005 000111	5-111
K 002131 g	K-2131g
000002 061300	2-61300
000003 007627	3-7627
000001 224305	1-224305
000013 000543 b	13-543b
L 018096	L-18096
000009 016855	9-16855
000015 008536 film	15-8536.film
000003 020937	3-20937
000001 192919 000001	1-192919.1
000001 040086	1-40086
000004 005198	4-5198
L 007247	L-7247
000001 196429	1-196429
000001 154905	1-154905
000001 084293	1-84293
000001 121356	1-121356
000001 217491 000006	1-217491.6
000001 174756 a-c	1-174756a-c
000001 184753	1-184753
000001 249821	1-249821
000001 122750	1-122750
000010 002079	10-2079
000009 004995	9-4995
000016 004061	16-4061
000001 180911	1-180911
000013 004237	13-4237
000002 051405	2-51405
000003 025132	3-25132
000001 237252 _dupe	1-237252_dupe
000013 006307	13-6307
000002 069310	2-69310
000002 054850	2-54850
000001 065367	1-65367
000001 143828 000001	1-143828.1
000005 000238 a,b	5-238a,b
000002 011554 b	2-11554b
000001 031620	1-31620
000001 236438 _dupe	1-236438_dupe
000011 038455	11-38455
000002 038798	2-38798
000013 004396	13-4396
000011 018724	11-18724
000011 021796	11-21796
000001 251485	1-251485
000001 148406	1-148406
000001 105351	1-105351
000002 020958	2-20958
000015 031629 	15-31629
000006 010735	6-10735
000011 008070	11-8070
000011 009809	11-9809
L 017843	L-17843
000002 024252	2-24252
000016 011244 f	16-11244f
000004 007372	4-7372
000001 237348 _dupe	1-237348_dupe
000001 123054 000007	1-123054.7
000011 010824	11-10824
000009 005813	9-5813
000004 001060	4-1060
000001 011366 000001	1-11366.1
000011 026610	11-26610
000004 006159 c	4-6159c
000011 037312	11-37312
000001 026226	1-26226
000006 005278	6-5278
000001 248526	1-248526
000001 090780	1-90780
000001 221397	1-221397
000006 010979	6-10979
000002 071514 f	2-71514f
000001 075470	1-75470
000001 236811	1-236811
000001 120008	1-120008
000007 000278	7-278
000001 060788	1-60788
000001 186846	1-186846
000008 001897	8-1897
000012 004343 (0)	12-4343(0)
000011 012671 b	11-12671b
000001 006718 000002	1-6718.2
000001 192904 000002	1-192904.2
000011 026361	11-26361
L 018139	L-18139
000001 208189	1-208189
000001 149544	1-149544
000001 192567	1-192567
L 016583 a	L-16583a
000007 008493	7-8493
000025 002420	25-2420
000015 015684	15-15684
000001 006561	1-6561
000001 047762	1-47762
000004 003398	4-3398
000001 144026	1-144026
000001 051367	1-51367
000011 005286	11-5286
000024 000929	24-929
000002 071697	2-71697
000001 231919	1-231919
L 001265	L-1265
000001 101409	1-101409
000001 229505	1-229505
000001 139046	1-139046
000001 188399	1-188399
000002 051951	2-51951
000001 242080	1-242080
000001 029221	1-29221
L 017745	L-17745
000011 025797 000001	11-25797.1
000025 010635	25-10635
000009 023631	9-23631
000001 176010	1-176010
000003 029798	3-29798
000002 066323	2-66323
000001 080306	1-80306
000011 031487 000002	11-31487.2
L 008049	L-8049
000002 070509	2-70509
000001 025267	1-25267
000001 237626 _dupe	1-237626_dupe
000008 001494	8-1494
000001 018572 000033	1-18572.33
000001 215397	1-215397
000001 141197	1-141197
000012 007381	12-7381
000001 125028 000002	1-125028.2
000005 011058	5-11058
000007 000252	7-252
000009 009534	9-9534
000001 226459	1-226459
000012 007253 (0)	12-7253(0)
000001 029057	1-29057
000016 003157	16-3157
000002 018723	2-18723
000009 020687	9-20687
000001 113324	1-113324
000002 033627 a-f	2-33627a-f
L 015184	L-15184
000001 089832	1-89832
000001 081370	1-81370
000005 015914 a	5-15914a
000003 004192	3-4192
000001 197553	1-197553
000002 065435	2-65435
000009 006471	9-6471
000001 010246	1-10246
000025 012330	25-12330
L 004139	L-4139
000001 032535	1-32535
000001 130663 000002	1-130663.2
000003 027999 a-c	3-27999a-c
000002 046717	2-46717
000001 237739	1-237739
000024 003073	24-3073
000011 041597	11-41597
000001 026155	1-26155
000001 081788	1-81788
000001 036365	1-36365
000006 016637	6-16637
000001 008397	1-8397
000011 003445	11-3445
000001 261754	1-261754
000001 080895	1-80895
000013 006788	13-6788
K 000979	K-979
000001 228366	1-228366
000016 020617	16-20617
000003 017172	3-17172
000012 002060	12-2060
000001 059143	1-59143
000001 023190	1-23190
000001 003319	1-3319
000001 163955 000001	1-163955.1
000001 197079	1-197079
000011 024757	11-24757
000010 000173	10-173
000002 004291 a,b	2-4291a,b
000005 011619	5-11619
000002 031173	2-31173
000001 244753	1-244753
000016 010164	16-10164
000001 080504	1-80504
000001 166427 000004	1-166427.4
000005 002788	5-2788
000001 217016 dup	1-217016.dup
000025 002717	25-2717
000015 026672	15-26672
000001 083974	1-83974
000025 004148	25-4148
000012 011005	12-11005
000009 000308	9-308
000002 052756	2-52756
000026 000032	26-32
000001 123171	1-123171
000012 004343	12-4343
000001 086419	1-86419
000001 189633	1-189633
000001 148050 000002	1-148050.2
000001 164004 000004	1-164004.4
000001 100550	1-100550
000007 008875	7-8875
000015 018214	15-18214
000009 005747	9-5747
000015 008665 plate	15-8665.plate
000011 025950 000015	11-25950.15
000001 055216	1-55216
000001 112723	1-112723
000001 117447	1-117447
000002 004599	2-4599
000001 058125	1-58125
000001 083227	1-83227
000014 002587 000002	14-2587.2
000001 205815	1-205815
000001 200605	1-200605
000002 029244	2-29244
000015 008317	15-8317
000006 006611 s	6-6611s
000001 174025	1-174025
000002 026056	2-26056
000001 114925	1-114925
000011 033692	11-33692
L 014220	L-14220
L 013864	L-13864
000001 180937	1-180937
000001 023531	1-23531
000005 003378	5-3378
000015 004591	15-4591
000004 001558	4-1558
000002 057396	2-57396
000002 034551	2-34551
000011 015071 000001	11-15071.1
000001 252516	1-252516
000001 040790	1-40790
000015 020583	15-20583
000014 000021	14-21
000001 176809	1-176809
000001 235735	1-235735
000011 006719	11-6719
000001 140799	1-140799
000011 044610	11-44610
000001 119763	1-119763
000008 009444	8-9444
000001 172004	1-172004
000001 185597	1-185597
000014 000491	14-491
000002 016898	2-16898
000012 000720	12-720
000004 002478 b	4-2478b
000001 128633	1-128633
000002 035460	2-35460
000003 005171	3-5171
000001 021901	1-21901
000002 048172	2-48172
000001 249232	1-249232
000001 138336	1-138336
000005 011290	5-11290
000005 008716	5-8716
000006 001276	6-1276
000025 003750	25-3750
000001 234324	1-234324
000015 004904	15-4904
000001 012788	1-12788
000001 218116	1-218116
000013 002207	13-2207
000001 240736 _dupe	1-240736_dupe
000001 099185	1-99185
000011 031988	11-31988
000015 006430 film	15-6430.film
000006 000684	6-684
000001 253476	1-253476
000001 126989	1-126989
000001 256782	1-256782
000001 226930 000001	1-226930.1
000016 015016	16-15016
000012 002231 B	12-2231B
000001 059552	1-59552
000009 020830	9-20830
000008 007812	8-7812
000002 049842	2-49842
000002 055671	2-55671
000011 029509 000002	11-29509.2
000003 018811	3-18811
000011 035717	11-35717
000002 029934	2-29934
000001 009759	1-9759
000011 022659	11-22659
000011 017099	11-17099
000001 186438	1-186438
000001 075304	1-75304
000006 003752	6-3752
000001 166685	1-166685
000011 040890	11-40890
000018 001166	18-1166
000015 002255 film	15-2255.film
000001 252582	1-252582
000017 000431	17-431
000002 008896	2-8896
000001 054981	1-54981
000003 012285 000002	3-12285.2
000001 229188	1-229188
000014 002630	14-2630
000001 021635	1-21635
000001 120192	1-120192
000002 063048	2-63048
000005 014722	5-14722
000001 017284	1-17284
000001 221989	1-221989
000001 099786 000002	1-99786.2
000003 022507	3-22507
000001 028419 a,b	1-28419a,b
L 001410	L-1410
000003 019206	3-19206
000001 125186	1-125186
000001 049909	1-49909
000003 005445	3-5445
L 013067	L-13067
000001 026862	1-26862
000001 173558	1-173558
L 017725	L-17725
000001 030516	1-30516
000002 005481	2-5481
000003 015268	3-15268
000001 118904	1-118904
000001 062353	1-62353
000001 187353	1-187353
000001 196198	1-196198
000011 025434	11-25434
000001 063616	1-63616
000007 009633 d	7-9633d
000003 031335	3-31335
000001 222044	1-222044
000001 058785	1-58785
000005 009703	5-9703
000003 021248	3-21248
000003 022085	3-22085
000001 212044	1-212044
000003 008076	3-8076
000006 019891 000003	6-19891.3
000001 149452	1-149452
000011 045391	11-45391
000002 032758	2-32758
000001 239600	1-239600
000001 079583	1-79583
000006 014567	6-14567
000015 017155	15-17155
000012 007588 000005	12-7588.5
000015 021629	15-21629
000001 159834	1-159834
000001 161894	1-161894
000001 204673	1-204673
000002 060115	2-60115
000001 018571 000031	1-18571.31
000003 006264	3-6264
000001 055722	1-55722
000001 114346	1-114346
000002 039921	2-39921
000001 006418	1-6418
000001 243594	1-243594
000006 009222	6-9222
000001 056153	1-56153
000025 014334	25-14334
000002 018161	2-18161
000001 148956	1-148956
000024 000120 NW#14.A.5	24-120.NW#14.A.5
000006 013110	6-13110
000001 177606	1-177606
000001 237187	1-237187
000001 110545	1-110545
000003 011327	3-11327
000001 178391	1-178391
000016 016864	16-16864
000002 037857	2-37857
000009 021814	9-21814
000011 015832 000011	11-15832.11
000001 134364	1-134364
000011 008592	11-8592
000009 013188	9-13188
000002 068358	2-68358
000011 018902	11-18902
000001 030332	1-30332
000006 005925	6-5925
000001 151183	1-151183
000001 110568	1-110568
000003 013298	3-13298
000001 017146	1-17146
000001 052035	1-52035
000007 006821	7-6821
000001 189670	1-189670
L 010267	L-10267
000006 010068	6-10068
000010 002803 a	10-2803a
000009 016143	9-16143
000006 004961	6-4961
000005 005115	5-5115
000001 168150 000003	1-168150.3
000001 080590 000002	1-80590.2
000002 016919	2-16919
000001 135471	1-135471
000001 078747	1-78747
000001 241414 _dupe	1-241414_dupe
000001 252986	1-252986
000016 012681	16-12681
000001 238313 _dupe	1-238313_dupe
000001 206024 000001	1-206024.1
000004 006068 a	4-6068a
000008 007567	8-7567
000001 072954	1-72954
000011 019386	11-19386
000001 123590	1-123590
000002 049615 a,b	2-49615a,b
000001 158941	1-158941
000007 005090	7-5090
000004 003903 l	4-3903l
000001 133664	1-133664
000001 251753	1-251753
000001 248412	1-248412
000004 002243 a	4-2243a
000001 063314	1-63314
000001 156936	1-156936
000001 132032	1-132032
000001 155447	1-155447
000011 024262	11-24262
000001 106892	1-106892
000001 166129	1-166129
000011 029480	11-29480
000002 053727	2-53727
000025 006146	25-6146
000001 095593	1-95593
000010 001393	10-1393
000015 019255	15-19255
000004 000023 000002	4-23.2
000009 021240	9-21240
000003 011798	3-11798
000001 151888	1-151888
000001 204067	1-204067
000008 000019	8-19
000011 033132	11-33132
000001 153089	1-153089
000001 158606	1-158606
000002 067025 a,b	2-67025a,b
000025 002206	25-2206
000012 006884 000001	12-6884.1
000016 003401	16-3401
000003 016418	3-16418
000009 008132 e	9-8132e
000011 042142	11-42142
000014 002623	14-2623
000001 006459 000010	1-6459.10
000009 023173	9-23173
000016 020225	16-20225
000012 000607 +A,B	12-607+A,B
000009 011085 l	9-11085l
000001 124370	1-124370
000001 050879	1-50879
000004 003533	4-3533
000011 034777	11-34777
000001 182343	1-182343
000001 087670	1-87670
000001 167784 000010	1-167784.10
000001 173110	1-173110
000002 011809	2-11809
000001 034540	1-34540
000001 203855 000004	1-203855.4
000002 044450	2-44450
000002 010946	2-10946
000002 063111	2-63111
000016 019729	16-19729
000013 001320 x	13-1320x
000003 019767	3-19767
L 017974	L-17974
000006 006577	6-6577
000001 101345	1-101345
000001 174584	1-174584
000006 000254	6-254
000001 152398	1-152398
000015 010984	15-10984
000012 002791 B	12-2791B
000006 021959	6-21959
000002 061316	2-61316
000001 168694	1-168694
000001 219629	1-219629
000005 014435	5-14435
000001 050447	1-50447
000007 008836	7-8836
000001 257182	1-257182
000001 040330	1-40330
000001 099034	1-99034
000001 101807 000002	1-101807.2
000001 256153	1-256153
K 001332 gBis	K-1332g Bis
000013 006341	13-6341
000001 205814	1-205814
000001 195063	1-195063
L 001666	L-1666
000012 003078	12-3078
BY.A-74	BY.A-74
000001 110419	1-110419
